No;Text;Class
1;#Repost @sahabatromahurmuziy (@get_repost) ··· repost : @2019forjokowi  Yeay! BBM se-Indonesia udah sama semua harganya.<U+2063> <U+2063> Sekarang, kalau mau jalan-jalan ke luar kota jadi lebih irit! Gak cuma kamu yang mendapat manfaat, tapi untuk para pedagang lokal juga.<U+2063> <U+2063> Mereka yang tinggal di pelosok nggak perlu khawatir lagi soal ongkos kirim.<U+2063> <U+2063> Dulu, harga BBM di Kabupaten Puncak Papua Rp100.000 seliter, Nunukan Kalimantan Utara Rp40.000, dan Pegunungan Arfak Papua Barat Rp30.000.<U+2063> <U+2063> Sekarang, di semua tempat itu, harga BBM sama saja, menjadi Rp5.150 untuk solar dan Rp6.450 untuk Premium.<U+2063> <U+2063> Sejauh ini, sudah ada 21 SPBU di kabupaten perbatasan Indonesia yang dibangun. Program “BBM Satu Harga” juga udah jalan di 62 titik di Indonesia.<U+2063> <U+2063> Jadi, mau datang ke kota mana aja tahun ini?<U+2063> <U+2063> Foto milik: @karfianda <U+2063> . • • • • •  #2019ForJokowi #forjokowi #jokowi #jokowidodo #kerjakerjakerja #2019tetapjokowi #indonesia #pemilusehat #aksinyata #kerjanyata #hasilkerjajokowi #jokowipresidenku #2019forjokowidodo #indonesiamaju #jokowiduaperiode #jokowi2periode #01jokowi #01 #maarufamin #indonesiasatu #satuindonesia #indonesia01 #jokowimantap #BBMSatuHarga #MenujuIndonesiaMaju;1
2;#Repost from @2019forjokowi with @regram.app ... Hasil kerja nyata @jokowi <U+2764><U+FE0F><U+2764><U+FE0F> . . Time-lapse pembangunan tol Manado-Bitung. . . • • • • •  #2019ForJokowi #forjokowi #jokowi #jokowidodo #kerjakerjakerja #2019tetapjokowi #indonesia #pemilusehat #aksinyata #kerjanyata #hasilkerjajokowi #jokowipresidenku #2019forjokowidodo #indonesiamaju #jokowiduaperiode #jokowi2periode #01jokowi #01 #maarufamin #indonesiasatu #satuindonesia #indonesia01 #jokowimantap;1
3;#Repost from @sahabatromahurmuziy with @regram.app ... repost : @2019forjokowi  Yeay! BBM se-Indonesia udah sama semua harganya.<U+2063> <U+2063> Sekarang, kalau mau jalan-jalan ke luar kota jadi lebih irit! Gak cuma kamu yang mendapat manfaat, tapi untuk para pedagang lokal juga.<U+2063> <U+2063> Mereka yang tinggal di pelosok nggak perlu khawatir lagi soal ongkos kirim.<U+2063> <U+2063> Dulu, harga BBM di Kabupaten Puncak Papua Rp100.000 seliter, Nunukan Kalimantan Utara Rp40.000, dan Pegunungan Arfak Papua Barat Rp30.000.<U+2063> <U+2063> Sekarang, di semua tempat itu, harga BBM sama saja, menjadi Rp5.150 untuk solar dan Rp6.450 untuk Premium.<U+2063> <U+2063> Sejauh ini, sudah ada 21 SPBU di kabupaten perbatasan Indonesia yang dibangun. Program “BBM Satu Harga” juga udah jalan di 62 titik di Indonesia.<U+2063> <U+2063> Jadi, mau datang ke kota mana aja tahun ini?<U+2063> <U+2063> Foto milik: @karfianda <U+2063> . • • • • •  #2019ForJokowi #forjokowi #jokowi #jokowidodo #kerjakerjakerja #2019tetapjokowi #indonesia #pemilusehat #aksinyata #kerjanyata #hasilkerjajokowi #jokowipresidenku #2019forjokowidodo #indonesiamaju #jokowiduaperiode #jokowi2periode #01jokowi #01 #maarufamin #indonesiasatu #satuindonesia #indonesia01 #jokowimantap #BBMSatuHarga #MenujuIndonesiaMaju;1
4;#Repost from @sahabatromahurmuziy with @regram.app ... repost : @2019forjokowi  Yeay! BBM se-Indonesia udah sama semua harganya.<U+2063> <U+2063> Sekarang, kalau mau jalan-jalan ke luar kota jadi lebih irit! Gak cuma kamu yang mendapat manfaat, tapi untuk para pedagang lokal juga.<U+2063> <U+2063> Mereka yang tinggal di pelosok nggak perlu khawatir lagi soal ongkos kirim.<U+2063> <U+2063> Dulu, harga BBM di Kabupaten Puncak Papua Rp100.000 seliter, Nunukan Kalimantan Utara Rp40.000, dan Pegunungan Arfak Papua Barat Rp30.000.<U+2063> <U+2063> Sekarang, di semua tempat itu, harga BBM sama saja, menjadi Rp5.150 untuk solar dan Rp6.450 untuk Premium.<U+2063> <U+2063> Sejauh ini, sudah ada 21 SPBU di kabupaten perbatasan Indonesia yang dibangun. Program “BBM Satu Harga” juga udah jalan di 62 titik di Indonesia.<U+2063> <U+2063> Jadi, mau datang ke kota mana aja tahun ini?<U+2063> <U+2063> Foto milik: @karfianda <U+2063> . • • • • •  #2019ForJokowi #forjokowi #jokowi #jokowidodo #kerjakerjakerja #2019tetapjokowi #indonesia #pemilusehat #aksinyata #kerjanyata #hasilkerjajokowi #jokowipresidenku #2019forjokowidodo #indonesiamaju #jokowiduaperiode #jokowi2periode #01jokowi #01 #maarufamin #indonesiasatu #satuindonesia #indonesia01 #jokowimantap #BBMSatuHarga #MenujuIndonesiaMaju;1
5;#Repost from @sahabatromahurmuziy with @regram.app ... repost : @2019forjokowi  Yeay! BBM se-Indonesia udah sama semua harganya.<U+2063> <U+2063> Sekarang, kalau mau jalan-jalan ke luar kota jadi lebih irit! Gak cuma kamu yang mendapat manfaat, tapi untuk para pedagang lokal juga.<U+2063> <U+2063> Mereka yang tinggal di pelosok nggak perlu khawatir lagi soal ongkos kirim.<U+2063> <U+2063> Dulu, harga BBM di Kabupaten Puncak Papua Rp100.000 seliter, Nunukan Kalimantan Utara Rp40.000, dan Pegunungan Arfak Papua Barat Rp30.000.<U+2063> <U+2063> Sekarang, di semua tempat itu, harga BBM sama saja, menjadi Rp5.150 untuk solar dan Rp6.450 untuk Premium.<U+2063> <U+2063> Sejauh ini, sudah ada 21 SPBU di kabupaten perbatasan Indonesia yang dibangun. Program “BBM Satu Harga” juga udah jalan di 62 titik di Indonesia.<U+2063> <U+2063> Jadi, mau datang ke kota mana aja tahun ini?<U+2063> <U+2063> Foto milik: @karfianda <U+2063> . • • • • •  #2019ForJokowi #forjokowi #jokowi #jokowidodo #kerjakerjakerja #2019tetapjokowi #indonesia #pemilusehat #aksinyata #kerjanyata #hasilkerjajokowi #jokowipresidenku #2019forjokowidodo #indonesiamaju #jokowiduaperiode #jokowi2periode #01jokowi #01 #maarufamin #indonesiasatu #satuindonesia #indonesia01 #jokowimantap #BBMSatuHarga #MenujuIndonesiaMaju;1
6;Reposted from : @2019forjokowi  Yeay! BBM se-Indonesia udah sama semua harganya.<U+2063> <U+2063> Sekarang, kalau mau jalan-jalan ke luar kota jadi lebih irit! Gak cuma kamu yang mendapat manfaat, tapi untuk para pedagang lokal juga.<U+2063> <U+2063> Mereka yang tinggal di pelosok nggak perlu khawatir lagi soal ongkos kirim.<U+2063> <U+2063> Dulu, harga BBM di Kabupaten Puncak Papua Rp100.000 seliter, Nunukan Kalimantan Utara Rp40.000, dan Pegunungan Arfak Papua Barat Rp30.000.<U+2063> <U+2063> Sekarang, di semua tempat itu, harga BBM sama saja, menjadi Rp5.150 untuk solar dan Rp6.450 untuk Premium.<U+2063> <U+2063> Sejauh ini, sudah ada 21 SPBU di kabupaten perbatasan Indonesia yang dibangun. Program “BBM Satu Harga” juga udah jalan di 62 titik di Indonesia.<U+2063> <U+2063> Jadi, mau datang ke kota mana aja tahun ini?<U+2063> <U+2063> <U+2063> . • • • • •  #2019ForJokowi #forjokowi #jokowi #jokowidodo #kerjakerjakerja #2019tetapjokowi #indonesia #pemilusehat #aksinyata #kerjanyata #hasilkerjajokowi #jokowipresidenku #2019forjokowidodo #indonesiamaju #jokowiduaperiode #jokowi2periode #01jokowi #01 #maarufamin #indonesiasatu #satuindonesia #indonesia01 #jokowimantap #BBMSatuHarga #MenujuIndonesiaMaju -;1
7;Presiden @jokowi menjenguk dan mendoakan ustad Arifin Ilham. Beliau mendatangi RSCM tempat dirawatnya Ustaz Arifin Ilham, tadi pagi  Kita semua juga mendoakan agar ustad Arifin Ilham cepat sembuh dan penyakitnya diangkat oleh Allah SWT.  Aamiin . . • • • • •  #2019ForJokowi #forjokowi #jokowi #jokowidodo #kerjakerjakerja #2019tetapjokowi #indonesia #pemilusehat #aksinyata #kerjanyata #hasilkerjajokowi #jokowipresidenku #2019forjokowidodo #indonesiamaju #jokowiduaperiode #jokowi2periode #01jokowi #01 #maarufamin #indonesiasatu #satuindonesia #indonesia01 #jokowimantap;1
8;"Salah satu tersangka hoaks surat suara yang ditangkap di Bekasi diduga merupakan Ketua Dewan Koalisi Relawan Nasional Prabowo.  WowKeren - Berita mengenai adanya tujuh kontainer surat suara yang telah tercoblos sempat meresahkan publik. Nama Wasekjen Partai Demokrat pun ikut terseret dalam kasus ini. Andi Arief sempat dilaporkan oleh Tim Kampanye Nasional (TKN) Joko Widodo alias Jokowi-Ma'ruf Amin karena cuitan di akun Twitter miliknya. Namun, polisi kini telah menangkap pelaku hoaks yang sebenarnya. Hingga kini, jumlah tersangka yang terlibat dalam penyebaran berita bohong tersebut ada empat orang. Salah satu tersangka diduga merupakan Ketua Dewan Koalisi Relawan Nasional (Kornas) Prabowo, Bagus Bawana Putra. Badan Nasional Pemenangan (BPN) Prabowo Subianto-Sandiaga Uno mengatakan bahwa pihaknya tidak mengenal tersangka tersebut. Juru Bicara BPN, Andre Rosiade, menegaskan bahwa nama Bagus sebagai Kornas Prabowo tak ada di dalam daftar relawan BPN Prabowo-Sandi. Hal itu mantap ia sampaikan setelah melakukan pengecekan ke Direktorat Relawan Prabowo-Sandi. ""Kami tidak mengenal Saudara Bagus,"" kata Andre saat dikonfirmasi wartawan pada Selasa (8/1). ""Saya sudah mengecek ke Direktorat Relawan Prabowo-Sandi, tidak ada yang namanya Bagus itu. Tidak terdaftar dalam inventori relawan kita di Direktorat Relawan Prabowo-Sandi."" Meskipun begitu, Andre sangat mendukung langkah polisi dalam menangkap pelaku penyebar hoaks surat suara. Ia meminta agar pelakunya diproses secara hukum jika memang dinyatakan bersalah. Ia mempercayakan penanganan kasus tersebut sepenuhnya kepada pihak yang berwajib. ""Silakan polisi memproses hukum saja, kalau dinyatakan bersalah, silakan polisi memproses hukum saja,"" tegas Andre. ""Kami serahkan sepenuhnya ke proses hukum yang berlaku."" Sumber : Babe (Wowkeren)  #prabowo #pas #padi #02 #suratsuaratercoblos #suratsuara #kpu #sandiagauno #jokowi #maarufamin";0
9;repost : @2019forjokowi  Yeay! BBM se-Indonesia udah sama semua harganya.<U+2063> <U+2063> Sekarang, kalau mau jalan-jalan ke luar kota jadi lebih irit! Gak cuma kamu yang mendapat manfaat, tapi untuk para pedagang lokal juga.<U+2063> <U+2063> Mereka yang tinggal di pelosok nggak perlu khawatir lagi soal ongkos kirim.<U+2063> <U+2063> Dulu, harga BBM di Kabupaten Puncak Papua Rp100.000 seliter, Nunukan Kalimantan Utara Rp40.000, dan Pegunungan Arfak Papua Barat Rp30.000.<U+2063> <U+2063> Sekarang, di semua tempat itu, harga BBM sama saja, menjadi Rp5.150 untuk solar dan Rp6.450 untuk Premium.<U+2063> <U+2063> Sejauh ini, sudah ada 21 SPBU di kabupaten perbatasan Indonesia yang dibangun. Program “BBM Satu Harga” juga udah jalan di 62 titik di Indonesia.<U+2063> <U+2063> Jadi, mau datang ke kota mana aja tahun ini?<U+2063> <U+2063> Foto milik: @karfianda <U+2063> . • • • • •  #2019ForJokowi #forjokowi #jokowi #jokowidodo #kerjakerjakerja #2019tetapjokowi #indonesia #pemilusehat #aksinyata #kerjanyata #hasilkerjajokowi #jokowipresidenku #2019forjokowidodo #indonesiamaju #jokowiduaperiode #jokowi2periode #01jokowi #01 #maarufamin #indonesiasatu #satuindonesia #indonesia01 #jokowimantap #BBMSatuHarga #MenujuIndonesiaMaju;1
10;repost : @2019forjokowi  Yeay! BBM se-Indonesia udah sama semua harganya.<U+2063> <U+2063> Sekarang, kalau mau jalan-jalan ke luar kota jadi lebih irit! Gak cuma kamu yang mendapat manfaat, tapi untuk para pedagang lokal juga.<U+2063> <U+2063> Mereka yang tinggal di pelosok nggak perlu khawatir lagi soal ongkos kirim.<U+2063> <U+2063> Dulu, harga BBM di Kabupaten Puncak Papua Rp100.000 seliter, Nunukan Kalimantan Utara Rp40.000, dan Pegunungan Arfak Papua Barat Rp30.000.<U+2063> <U+2063> Sekarang, di semua tempat itu, harga BBM sama saja, menjadi Rp5.150 untuk solar dan Rp6.450 untuk Premium.<U+2063> <U+2063> Sejauh ini, sudah ada 21 SPBU di kabupaten perbatasan Indonesia yang dibangun. Program “BBM Satu Harga” juga udah jalan di 62 titik di Indonesia.<U+2063> <U+2063> Jadi, mau datang ke kota mana aja tahun ini?<U+2063> <U+2063> Foto milik: @karfianda <U+2063> . • • • • •  #2019ForJokowi #forjokowi #jokowi #jokowidodo #kerjakerjakerja #2019tetapjokowi #indonesia #pemilusehat #aksinyata #kerjanyata #hasilkerjajokowi #jokowipresidenku #2019forjokowidodo #indonesiamaju #jokowiduaperiode #jokowi2periode #01jokowi #01 #maarufamin #indonesiasatu #satuindonesia #indonesia01 #jokowimantap #BBMSatuHarga #MenujuIndonesiaMaju;1
11;repost : @2019forjokowi  Yeay! BBM se-Indonesia udah sama semua harganya.<U+2063> <U+2063> Sekarang, kalau mau jalan-jalan ke luar kota jadi lebih irit! Gak cuma kamu yang mendapat manfaat, tapi untuk para pedagang lokal juga.<U+2063> <U+2063> Mereka yang tinggal di pelosok nggak perlu khawatir lagi soal ongkos kirim.<U+2063> <U+2063> Dulu, harga BBM di Kabupaten Puncak Papua Rp100.000 seliter, Nunukan Kalimantan Utara Rp40.000, dan Pegunungan Arfak Papua Barat Rp30.000.<U+2063> <U+2063> Sekarang, di semua tempat itu, harga BBM sama saja, menjadi Rp5.150 untuk solar dan Rp6.450 untuk Premium.<U+2063> <U+2063> Sejauh ini, sudah ada 21 SPBU di kabupaten perbatasan Indonesia yang dibangun. Program “BBM Satu Harga” juga udah jalan di 62 titik di Indonesia.<U+2063> <U+2063> Jadi, mau datang ke kota mana aja tahun ini?<U+2063> <U+2063> Foto milik: @karfianda <U+2063> . • • • • •  #2019ForJokowi #forjokowi #jokowi #jokowidodo #kerjakerjakerja #2019tetapjokowi #indonesia #pemilusehat #aksinyata #kerjanyata #hasilkerjajokowi #jokowipresidenku #2019forjokowidodo #indonesiamaju #jokowiduaperiode #jokowi2periode #01jokowi #01 #maarufamin #indonesiasatu #satuindonesia #indonesia01 #jokowimantap #BBMSatuHarga #MenujuIndonesiaMaju;1
12;"Lestarikan Alam Dan Jagalah Paru-Paru Bumi. ""SELAMAT HARI GERAKAN 1 JUTA POHON & LINGKUNGAN HIDUP INDONESIA""  #01indonesiamaju #01jokowilagi #01jokowiamin #indonesiamaju #jokowilagi #salamjempol #salamsatujempol #jokowiamin #2019jokowimarufamin #2019jokowiaja #2019jokowilagi #jokowiduaperiode  #2019tetapjokowi #jokowi #maarufamin #gerakan1jutapohon #lingkunganhidupindonesia";1
13;Debat capres cawapres #goodelection Mari dukung tanpa menjelekkan  #kpu #pilpres #indonesia #bali #jokowi #prabowo #maarufamin #sandiuno;0
14;Yeay! BBM se-Indonesia udah sama semua harganya.<U+2063> <U+2063> Sekarang, kalau mau jalan-jalan ke luar kota jadi lebih irit! Gak cuma kamu yang mendapat manfaat, tapi untuk para pedagang lokal juga.<U+2063> <U+2063> Mereka yang tinggal di pelosok nggak perlu khawatir lagi soal ongkos kirim.<U+2063> <U+2063> Dulu, harga BBM di Kabupaten Puncak Papua Rp100.000 seliter, Nunukan Kalimantan Utara Rp40.000, dan Pegunungan Arfak Papua Barat Rp30.000.<U+2063> <U+2063> Sekarang, di semua tempat itu, harga BBM sama saja, menjadi Rp5.150 untuk solar dan Rp6.450 untuk Premium.<U+2063> <U+2063> Sejauh ini, sudah ada 21 SPBU di kabupaten perbatasan Indonesia yang dibangun. Program “BBM Satu Harga” juga udah jalan di 62 titik di Indonesia.<U+2063> <U+2063> Jadi, mau datang ke kota mana aja tahun ini?<U+2063> <U+2063> Foto milik: @karfianda <U+2063> . • • • • •  #2019ForJokowi #forjokowi #jokowi #jokowidodo #kerjakerjakerja #2019tetapjokowi #indonesia #pemilusehat #aksinyata #kerjanyata #hasilkerjajokowi #jokowipresidenku #2019forjokowidodo #indonesiamaju #jokowiduaperiode #jokowi2periode #01jokowi #01 #maarufamin #indonesiasatu #satuindonesia #indonesia01 #jokowimantap #BBMSatuHarga #MenujuIndonesiaMaju;1
15;Matur suwun pakdhe @jokowi ...hari ini ngicipi tol bandar ke Nganjuk....masih Gratis...walau msh proses penyempurnaan...Great Job !!!! #jokowi #jokowi2periode #tetapjokowi #2019tetapjokowi #prabowo #sandiagauno #maarufamin #pilpres2019 #toltransjawa #nurhadialdo;1
16;@gerindra cc @fahrihamzah HOIIII !!!! Emang bener Dana Desa itu bukan uang @jokowi dan hanya orang bodoh yg omong kalau dana desa itu uang pribadi jokowi..tapi karena jokowi membuat sistem dan punya kewenangan itu....Dana Desa bisa membantu kemajuan pemba;1
17;Jadilah orang Indonesia yang ber INDONESIA.  #indonesia #damaiindonesiaku #jokowi #prabowo #maarufamin #sandiagauno;0
18;Alhamdulillah....bajingan perusak kerukunan NKRI ketangkep. !!!...Bener2 niat bgt bikin Hoax...liat senyum psikopat nya.... @prabowo @sandiuno gmn nih pendukung ente???!!! ....<U+0001F620><U+0001F620><U+0001F620><U+0001F620> #jokowi #maarufamin #prabowo #sandiagauno #sandiuno #pilpres2019 #tetapjokowi #jokowi2periode #nurhadialdo;1
19;RMOLSumsel. Calon wakil presiden RI, KH Ma'ruf Amin dijadwalkan ke Palembang pada Kamis (10/1) besok. Kedatangan cawapres yang berpasangan dengan capres RI Joko Widodo ini guna meresmikan posko pemenangan Tim Kampanye Daerah (TKD) Sumsel yang terletak di kawasan Jakabaring, Palembang.  Nah lur, besok ne Kiyai kito ne nak ke Palembang. Siapo nak bepoto samo beliau lajula nah.. #jokowimaruf2019 #jokowiamin #jokowipresidenku #maarufamin #jokowi2periode #palembang #oganilir #ogankomeringilir #ogankomeringulu #lubuklinggau #pagaralam #empatlawang #baturaja #banyuasin #musibanyuasin #musirawas #musirawasutara #muaradua #muaraenim #tanjungenim #lahat;1
20;Sejak Awal Dana Desa ketika di luncurkan sangat besar manfaat nya, dengan 4 program prioritas menteri desa @ekoputrosandjojo sangat cepat dan tepat dikerjakan oleh Desa dan di Kawal oleh #pendampingdesa maupun #pendampinglokaldesa.  Dalam 4 Tahun kepemimpinan @jokowi @wapresri.go.id Ekonomi desa berangsur membaik dan bangkit dari keterpurukan ekonomi yang selama ini menyandra masyarakat desa.  Harapan yang sama seperti @cakiminow mudah mudahan Kedepan Pemerintah dapat lebih memperhatikan Nasib Para Pendamping di Daerah.  #anakdesa #manfaatdanadesa #pejuangdesa #membangundaripinggiran #membangundaridesa #cakiminnow #jokowi #maarufamin #indonesiakerjalagi #jkw2periode #buol #tolitoli #liketolis #hitskekinian #ppti #ppmd #sulawesitengah;1
21;KH. Ma'ruf Amin menjenguk Ustadz Arifin Ilham yang sedang sakit di RSCM. Beliau mendoakan supaya ustadz segera sembuh sehingga bisa kembali berbagi ilmu agama kepada umat.  Mari kita doakan semoga ustadz Arifin Ilham segera disembuhkan, diangkat penyakitnya dan dimudahkan dalam segala proses penyembuhannya. Amin ya rabbal alamin<U+0001F64F><U+0001F64F><U+0001F64F>. . . Source jokowiduaperiode2 • • • • •  #2019ForJokowi #forjokowi #jokowi #jokowidodo #kerjakerjakerja #2019tetapjokowi #indonesia #pemilusehat #aksinyata #kerjanyata #hasilkerjajokowi #jokowipresidenku #2019forjokowidodo #indonesiamaju #jokowiduaperiode #jokowi2periode #01jokowi #01 #maarufamin #indonesiasatu #satuindonesia #indonesia01 #jokowimantap #kiaima'rufjengukarifinilham #ustadzarifinsakit #doakanustadzarifin;1
22;Kriminalisasi ULAMA ?  #2019prabowopresiden #2019jokowilagi #jokowi2periode #prabowosandi #sandiagauno #maarufamin #politik #nkrihargamati #newyear #indonesian #2019goals #medan #aceh #jawatengah #jawabarat #lampung #papua #kalimantan #sulawesiselatan #bali #ntt #ntb #hoax #stophoax #lombok #medan #solidaritas #toleransi;1
23;Hasil kerja nyata @jokowi <U+2764><U+FE0F><U+2764><U+FE0F> . . Time-lapse pembangunan tol Manado-Bitung. . . • • • • •  #2019ForJokowi #forjokowi #jokowi #jokowidodo #kerjakerjakerja #2019tetapjokowi #indonesia #pemilusehat #aksinyata #kerjanyata #hasilkerjajokowi #jokowipresidenku #2019forjokowidodo #indonesiamaju #jokowiduaperiode #jokowi2periode #01jokowi #01 #maarufamin #indonesiasatu #satuindonesia #indonesia01 #jokowimantap;1
24;Pagi tadi, Rabu 9 Januari 2019, Presiden Joko Widodo menjenguk Ustaz Muhammad Arifin Ilham di Paviliun Kencana RSCM, Jakarta. Saat menjenguk, Presiden sempat berbincang-bincang dengan Arifin Ilham. “Kita semuanya, masyarakat, berdoa, mendoakan agar beliau cepat sembuh dan penyakitnya diangkat oleh Allah SWT, disembuhkan dan bisa berkegiatan kembali, berdakwah, bersiar, memberikan tausiyah pada kita,” ucap Presiden di Istana Negara usai pelantikan Kepala BNPB. (Foto: Kris - Biro Pers Sekretariat Presiden) . . • • • • •  #2019ForJokowi #forjokowi #jokowi #jokowidodo #kerjakerjakerja #2019tetapjokowi #indonesia #pemilusehat #aksinyata #kerjanyata #hasilkerjajokowi #jokowipresidenku #2019forjokowidodo #indonesiamaju #jokowiduaperiode #jokowi2periode #01jokowi #01 #maarufamin #indonesiasatu #satuindonesia #indonesia01 #jokowimantap;1
25;"Presiden Joko Widodo (Jokowi) dan Ibu Negara Iriana Joko Widodo hadir dalam acara resepsi Putra Pertama Sri Paduka Paku Alam X di Yogyakarta.  Resepsi Bendara Pangeran Haryo (BPH) Kusumo Bimantoro dengan Maya Lakshita Noorya digelar pada Sabtu (05/01/2019). Acara resepsi pernikahan digelar di Bangunan Utama Istana Pura Pakualaman yakni Bangsal Sewatama. ""Undangannya pukul 11.00 WIB.  Sebelum resepsi pernikahan digelar acara ijab di Kagungan Dalem Masjid Ageng Pakualaman pada pukul 07.00 WIB.  Setelah itu digelar prosesi Panggih di Kagungan Dalem Bangsal Sewatama Pakualaman pada pukul 10.00 WIB.  Source @arusbawah_jokowi • • • • •  #2019ForJokowi #forjokowi #jokowi #jokowidodo #kerjakerjakerja #2019tetapjokowi #indonesia #pemilusehat #aksinyata #kerjanyata #hasilkerjajokowi #jokowipresidenku #2019forjokowidodo #indonesiamaju #jokowiduaperiode #jokowi2periode #01jokowi #01 #maarufamin #indonesiasatu #satuindonesia #indonesia01 #jokowimantap #01 #arusbawahjokowi #01JokowiLagi #01jokowisekalilagi #01IndonesiaMaju #jokowicerdas #jokowilagi #anakbangsajuara";1
26;Tim sukses Jokowi membongkar fakta bahwa Prabowo takut debat. Dalam rapat dengan KPU, kubu Prabowo kabarnya ingin menghilangkan sistem debat capres dan cawapres dan menggantinya dengan sesi penyampaian visi dan misi saja.  Dilansir dari video di akun twitter @PartaiSocmed, Juru bicara TKN Jokowi-Ma’ruf, Arya Sinulingga menyampaikan bahwa kubu Prabowo meminta untuk tidak diadakan debat, yang ada hanyalah penyampaian visi dan misi dari masing-masing pasangan Capres-Cawapres. Hal ini ia tuturkan dalam rangka membongkar alibi Sandiaga Uno beberapa saat lalu yang menyatakan bahwa kubu Jokowi tidak berani beradu gagasan dengannya.  Berita selengkapnya cek di www.payung-berita.com  #payungberita #beritanasional #beritapolitik #pilpres2019 #pilpres #debatcapres #petahana #oposisi #sandiagauno #prabowo #jokowi #maarufamin #presiden2019;0
27;#2019prabowopresiden #2019jokowilagi #jokowi2periode #prabowosandi #sandiagauno #maarufamin #politik #nkrihargamati #newyear #indonesian #2019goals #medan #aceh #jawatengah #jawabarat #lampung #papua #kalimantan #sulawesiselatan #bali #ntt #ntb #hoax #stophoax #lombok #medan #solidaritas #toleransi;1
28;Mantap, Pak Jokowi dan Pak Prabowo Sama - Sama Hoby Baca. . Follow kami :@millenial_indonesia . #2019takutdiganti #2019PresidenBaru #2019GantiPresiden #2019saatnyaanakmuda #2019PrabowoSandi #2019prabowopresiden #2019tetapjokowi #prabowo #sandiagauno #prabowosandi #jokowi #maarufamin #millennials #millenialsmemilih #02;-1
29;SAKSIKAN!! Debat pertama capres dan cawapres Tema : hukum ,HAM, korupsi, dan terorisme  Kamis,17 januari 2019 @metrotv . . . . . . . Semangat pak, sikattt<U+0001F601><U+0001F606><U+0001F606> #jokowi #jokowilagi #2019tetapjokowi #maarufamin #jokowipresidenku #jokowisaja#jokowiviral#viral#metrotv #lagiviral;1
30;Bela Islam, Bela Rakyat dan Bela NKRI!!! #partaibulanbintang #pbb #pelantang #pemilu2019 #19 #pemiludamai #pemilu #jokowi #prabowo #sandiagauno #maarufamin #pbb19;0
31;Presiden Jokowi Berziarah ke Makam Bung Karno  Di tengah kunjungan kerjanya ke Blitar, Jawa Timur, Presiden Joko Widodo berziarah ke makam Bung Karno, proklamator sekaligus presiden pertama Republik Indonesia. Kunjungan ini dilakukan di luar agenda kepresidenan.  Saat berziarah, Presiden tampak mengenakan kemeja putih lengan panjang dan berpeci hitam. Ia tiba di lokasi pada pukul 14.15 WIB, Kamis, 3 Januari 2019.  Selama beberapa waktu Kepala Negara terlihat bersimpuh dan memanjatkan doa. Presiden juga menabur sekaligus membereskan bunga yang terserak di atas makam.  Sumber: Biro Pers Istana . • • • • •  #2019ForJokowi #forjokowi #jokowi #jokowidodo #kerjakerjakerja #2019tetapjokowi #indonesia #pemilusehat #aksinyata #kerjanyata #hasilkerjajokowi #jokowipresidenku #2019forjokowidodo #indonesiamaju #jokowiduaperiode #jokowi2periode #01jokowi #01 #maarufamin #indonesiasatu #satuindonesia #indonesia01 #jokowimantap;1
32;Follow kami :@millenial_indonesia - - #2019takutdiganti #2019PresidenBaru #2019GantiPresiden #2019saatnyaanakmuda #2019PrabowoSandi #2019prabowopresiden #2019tetapjokowi #prabowo #sandiagauno #PrabowoSandi #jokowi #maarufamin #millennials #millenialsmemilih #02;0
33;Follow kami :@millenial_indonesia . #2019takutdiganti #2019PresidenBaru #2019GantiPresiden #2019saatnyaanakmuda #2019PrabowoSandi #2019prabowopresiden #2019tetapjokowi #prabowo #sandiagauno #PrabowoSandi #jokowi #maarufamin #millennials #millenialsmemilih #02;0
34;Mandalasari | Sabtu,  5 Januari 2019. Kepala Bidang Pemberdayaan Pemuda Dispora Kabupaten Bandung Bapak @tendiihsana serta keluarga mengunjungi Wisata Sport Sirkuit Gunung Buleud Desa Mandalasari,  membicarakan kedepannya Wisata Sirkuit dengan Kepala Desa Mandalasari Bapak @ahmadfahsatata  #kemendesapdtt #kemendesa #wisatakabupatenbandung #bangtanboys #bandungjuara #ridwankamil #jokowidodo #prabowosubianto #maarufamin #sandiagauno #desamembangun #bumdesa #jawabarat #dadangnaser #danadesa #kemendesa #pendampingdesa #kemendesapdtt #pemprovjabar #cikancung #cicalengkahits #dadangnaser #garut #cijapati #cidegdeg #lembangbandung #kemenpariwisata #dpmd #bumdesa #jawabarat #dadangnaser #danadesa;0
35;Pemimpin Itu Pilihan Allah, Jangan Sakiti Rakyat #jokowidodo  #prabowo  #maarufamin  #sandiagauno  #ridwankamil  #untukparasuami  oya Suami juga pemimpin ya...;0
36;"Presiden Jokowi Sosialisasikan Prioritas Penggunaan Dana Desa 2019 di Jatim  Presiden Joko Widodo dalam rangkaian kunjungan kerja di Provinsi Jawa Timur menyosialisasikan prioritas penggunaan dana desa untuk tahun 2019 kepada para pendamping desa dan perangkat desa dari seluruh Jawa Timur.  Presiden menjelaskan bahwa dana desa pada tahun ini dianggarkan sebanyak Rp70 triliun untuk desa-desa di seluruh Indonesia. ""Tahun 2015 di seluruh Tanah Air telah kita kucurkan Rp20,7 triliun. Tahun berikutnya, 2016, meloncat menjadi Rp47 triliun. Tahun berikutnya, 2017, naik menjadi Rp60 triliun. Tahun 2018 naik lagi menjadi Rp60 triliun. Tahun 2019 ini dana desa naik menjadi Rp70 triliun plus dana kelurahan Rp3 triliun. Jadi Rp73 triliun,"" kata Presiden.  Mari sukseskan Jokowi 2 periode <U+270C>  Source @jokowiduaperiode2 • • • • •  #2019ForJokowi #forjokowi #jokowi #jokowidodo #kerjakerjakerja #2019tetapjokowi #indonesia #pemilusehat #aksinyata #kerjanyata #hasilkerjajokowi #jokowipresidenku #2019forjokowidodo #indonesiamaju #jokowiduaperiode #jokowi2periode #01jokowi #01 #maarufamin #indonesiasatu #satuindonesia #indonesia01 #jokowimantap #jokowi #jokowidodo #jokowi2periode #jokowiduaperiode #salam2periode #presidenjokowi #jokowipresidenku #tetapjokowi #2019tetapjokowi #jokowisekalilagi #presiden #indonesia";1
37;Dinamikabogor.com – Capres dan Cawapres nomor urut 01 Joko Widodo atau Jokowi – Ma’ruf Amin memutuskan untuk mengenakan baju berwarna putih dan memakai peci hitam disurat suara Pemilu 2019 . Ma’ruf menuturkan, filosofi mengenakan baju putih karena dirinya dan Jokowi sama-sama menyukai warna putih-putih.  https://dinamikabogor.com/2019/01/inilah-makna-di-balik-baju-putih-jokowi-maruf-pada-surat-suara-pilpres-2019/  #jokowi #pilpres2019 #pemilu2019 #maarufamin #beritabogor #dinamikabogor;0
38;Follow kami :@millenial_indonesia - - #2019takutdiganti #2019PresidenBaru #2019GantiPresiden #2019saatnyaanakmuda #2019PrabowoSandi #2019prabowopresiden #2019tetapjokowi #prabowo #sandiagauno #PrabowoSandi #jokowi #maarufamin #millennials #millenialsmemilih #02;0
39;Tissue Jolly Rp. 17.000/ 1 Pcs 630 Gram x 2 Ply #Jolly #today #paseo #nice #larrist #tissuetoday #tissuetoday #tissue paseo #agentissue #viralindonesia #lambeturah #lambenyinyir #indonesia #bekasi #bekasihits #jokowi #prabowo #maarufamin #sandiagauno #aniesbaswedan #ustadzabdulsomad #dagelan #minangkocak #jakarta #pesonaindonesia #gempi #giselle #gading #savegempi;0
40;"Presiden Jokowi Resmikan Rusun hingga Jembatan di Tulungagung  Presiden Joko Widodo meresmikan tiga rumah susun beserta jembatan Ngujang II yang semuanya berada di Kabupaten Tulungagung. Keempat proyek pembangunan tersebut dikerjakan oleh Kementerian Pekerjaan Umum dan Perumahan Rakyat (PUPR). Ketiga rumah susun tersebut ialah Rusun Mahasiswa IAIN Tulungagung, Rusun Mahasiswa STKIP PGRI, dan Rusunawa MBR Jepun. ""Dengan mengucap bismillahirrahmanirrahim, pagi hari ini saya resmikan rusun mahasiswa IAIN Tulungagung, rusun mahasiswa STKIP PGRI Tulungagung, rusunawa MBR Jepun di Tulungagung, dan jembatan Ngujang II juga di Kabupaten Tulungagung,"" kata Presiden di halaman rusun STKIP PGRI, Tulungagung, Jumat, 4 Januari 2019.  Kementerian PUPR pada Tahun 2016 membentuk 33 penyedia perumahan yang telah tersebar di 33 provinsi se-Indonesia. Salah salah satunya adalah pembangunan rumah susun di Kabupaten Tulungagung yang diresmikan Presiden ini. Ketiga rusun tersebut dibangun dengan anggaran sebesar Rp37,92 miliar. ""Memang fasilitas-fasilitas ini diperlukan untuk mahasiswa dan tadi saya masuk ke ruangan-ruangan saya kira kualitas pengerjaannya juga sangat bagus,"" ucapnya.  Pada tahun 2018 ini, pemerintah telah membangun rumah susun khusus mahasiswa sebanyak 275 di mana 45 rusun dari jumlah tersebut dibangun di Jawa Timur. ""Paling banyak memang di Jawa Timur karena di sini rusun itu betul-betul dipakai dan sangat dibutuhkan,"" tuturnya.  Dalam acara yang sama, Kepala Negara sekaligus meresmikan jembatan Ngujang II yang dibangun mulai tahun 2018 lalu dengan nilai kontrak sebesar Rp35,5 miliar. Jembatan tersebut dibangun untuk mengatasi kemacetan di jalan nasional yang melintasi Kota Tulungagung.  Turut hadir mendampingi Presiden, Menteri PU dan Perumahan Rakyat Basuki Hadimuljono, Sekretaris Kabinet Pramono Anung, dan Gubernur Jawa Timur Soekarwo. [Biro Pers Istana] . . • • • • •  #2019ForJokowi #forjokowi #jokowi #jokowidodo #kerjakerjakerja #2019tetapjokowi #indonesia #pemilusehat #aksinyata #kerjanyata #hasilkerjajokowi #jokowipresidenku #2019forjokowidodo #indonesiamaju #jokowiduaperiode #jokowi2periode #01jokowi #01 #maarufamin #indonesiasatu #satuindonesia";1
41;<U+0001F627> - - Follow kami :@millenial_indonesia - - #2019takutdiganti #2019PresidenBaru #2019GantiPresiden #2019saatnyaanakmuda #2019PrabowoSandi #2019prabowopresiden #2019tetapjokowi #prabowo #sandiagauno #PrabowoSandi #jokowi #maarufamin #millennials #millenialsmemilih #02;-1
42;"IG: @fuadbakh #fuadbakh . ""Rakyat harus dikasih tahu pemimpinnya mau ke mana visinya apa? supaya makmum ikutnya ikhlas, kita memerlukan pemimpin yang adil yang menaungi rakyatnya sehingga dengan demikian nanti mereka akan dinaungi langsung oleh Allah subhanahu wa ta'ala. . Mudah-mudahan Allah memberikan kepada kita rakyat dan bangsa Indonesia ini pemimpin yang adil, saya yakin perjalanan waktu akan mengantarkan kita dimana orang-orang akan terbuka topengnya sehingga akan jelas mana pembela rakyat mana penyengsara rakyat. . Mari lapang dada menerima perbedaan tetapi mengarah pada satu tujuan yang sama walaupun bhineka kita ini tunggal ika, dua orang yang bersaudara bertemu karena Allah berpisah karena Allah"" (K.H. Zainuddin MZ) . Follow kami :@millenial_indonesia . #2019takutdiganti #2019PresidenBaru #2019GantiPresiden #2019saatnyaanakmuda #2019PrabowoSandi #2019prabowopresiden #2019tetapjokowi #prabowo #sandiagauno #PrabowoSandi #jokowi #maarufamin #millennials #millenialsmemilih #02";-1
43;Bagaimana bisa anda memfitnahnya sedangkan jutaan rakyat mencintainya.  Follow @potret_sejarah  Follow @potret_sejarah  #potretsejarah #sejarah #jokowi #ahok #maarufamin #pilpres #jokowi2periode #jokowidodo #basukitjahajapurnama #presidenjokowi #presiden #indonesia #potretsejarahindonesia;1
44;#2019prabowopresiden #2019jokowilagi #jokowi2periode #prabowosandi #sandiagauno #maarufamin #politik #nkrihargamati #newyear #indonesian #2019goals #medan #aceh #jawatengah #jawabarat #lampung #papua #kalimantan #sulawesiselatan #bali #ntt #ntb #hoax #stophoax #lombok #medan #solidaritas #toleransi;-1
45;#2019prabowopresiden #2019jokowilagi #jokowi2periode #prabowosandi #sandiagauno #maarufamin #politik #nkrihargamati #newyear #indonesian #2019goals #medan #aceh #jawatengah #jawabarat #lampung #papua #kalimantan #sulawesiselatan #bali #ntt #ntb #hoax #stophoax #lombok #medan #solidaritas #toleransi;-1
46;Jangan mau di boongin gaes <U+0001F606> . .  #kmakita #kmadihatiumat #kmauntukumat #kmadicintaiumat #maarufamin #hoax #lawanhoax #marufamin;0
47;Jokowi telah banyak memberikan kemudahan bagi rakyatnya.. terimakasih Pak Jokowi, jembatan ini sangat bermanfaat bagi kami. Anda layak 1 periode lagi. . . • • • • •  #2019ForJokowi #forjokowi #jokowi #jokowidodo #kerjakerjakerja #2019tetapjokowi #indonesia #pemilusehat #aksinyata #kerjanyata #hasilkerjajokowi #jokowipresidenku #2019forjokowidodo #indonesiamaju #jokowiduaperiode #jokowi2periode #01jokowi #01 #maarufamin #indonesiasatu #satuindonesia #indonesia01 #jokowimantap #4TahunJokowi #2019JokowiKyaiMaruf #2019TetapJokowi #TetapJokowi #Jokowi2Periode #IndonesiaMaju #Jokowi #MarufAmin #pilpres #pilpres2019 #4TahunJokowiJKg;1
48;Presiden Goblok<U+0001F438>. ____________________________________ J: Hah, obligasi itu apa sih Wartawan : surat utang pak J : lah iya, wong duitnya banyak ngapain harus ngutang-ngutang Wartawan : dibatalin ya pak J : gak tau saya, saya gak tau obligasi apa, untuk apa saya gak ngerti,,, @jokowi @jokowi  @jokowi  @jokowi ________________________________________________________________________  #2019gantipresiden #2019prabowopresiden#2019prabowosandi #2019takotdiganti #jokowi #maarufamin #indonesia #Habibrizieq #kamibersamahrs #habibbahar #ustadzabdulsomad #adihidayat #TGB #prabowo #sandiagauno #2019takotpaparkanvisimisi #Reuni212 #lfl #jokowi2periode #2019jokowilagi;-1
49;Ini pernyataan Pak @marufaminofficial tentang pak @basukibtp . ----------------SumutPilihJOKOWI--------------- . #sumutpilihjokowi #SumateraPilihJokowi #MedanPolitik #Jokowilagi #2019tetapjokowi #videoviral #60detikindonesiaku  #60detiknews  #videohits #kompastv #maarufamin  #ahoklovers  #ahok;1
50;Profil makro ekonomi Indonesia.  #indonesia #prabowo #jokowi #sandiagauno #maarufamin #gdp #debt #growth  Sumber: Pengolahan Data, 2018 by @gamalalbinsaid;0
51;Presiden Joko Widodo didampingi Ibu Negara Iriana Joko Widodo mengunjungi Gedung Serbaguna Padepokan Pencak Silat TMII, Jakarta Timur, pada Sabtu siang, 5 Januari 2019.  Kunjungan di luar agenda kepresidenan tersebut dilakukan karena Presiden dan Ibu Iriana ingin menghadiri resepsi pernikahan Pipiet Kamelia dan Hanifan Yudani Kusumah, dua atlet pencak silat Indonesia peraih medali emas pada Asian Games ke-18 Tahun 2018 yang dihelat di Jakarta.  Tiba pada pukul 13.50 WIB, kedatangan Presiden dan Ibu Iriana disambut oleh paman Hanifan, Bayu Syahjohan. Presiden dan Ibu Iriana pun langsung menuju pelaminan untuk memberikan ucapan selamat serta berfoto bersama kedua mempelai.  Setelahnya, Presiden dan Ibu Iriana meninggalkan tempat acara untuk melanjutkan perjalanan menuju Istana Kepresidenan Bogor, Jawa Barat. Namun, saat akan meninggalkan tempat acara, Presiden terlebih dahulu melayani permintaan swafoto dari para tamu undangan yang hadir.  Pipiet merupakan putri keempat pasangan Tamli Zalaludin (Alm) dan Maryati, sedangkan Hanifan Yudani merupakan putra kedua pasangan Dani Wisnu dan Dewi Yanti Kosasih.  Pada Asian Games ke-18 yang lalu, kedua mempelai merupakan atlet pencak silat Indonesia yang berhasil meraih medali emas. Pipiet berhasil meraih medali emas di nomor tarung putri kelas 60-65 kilogram, sedangkan Hanifan berhasil meraih medali emas pada nomor tarung putra 55-60 kilogram.  Sumber BPMI • • • • •  #2019ForJokowi #forjokowi #jokowi #jokowidodo #kerjakerjakerja #2019tetapjokowi #indonesia #pemilusehat #aksinyata #kerjanyata #hasilkerjajokowi #jokowipresidenku #2019forjokowidodo #indonesiamaju #jokowiduaperiode #jokowi2periode #01jokowi #01 #maarufamin #indonesiasatu #satuindonesia #indonesia01 #jokowimantap;1
52;Keputusan Komisi Pemilihan Umum membatalkan digelarnya pemaparan visi misi pasangan calon presiden diduga sebagai bentuk nyata dari ketakutan pasangan nomor urut 01 Joko Widodo-Ma’ruf Amin.  Menurut Ketua Majelis Jaringan Aktivis Pro Demokrasi (Prodem) Syafti Hidayat, KPU tidak boleh membatalkan agenda pemaparan visi misi pasangan capres dengan alasan apapun. “Pemaparan harus dilanjutkan. Kalau ada capres dan cawapres yang tak datang itu urusan lain,” kata Uchok, begitu dia disapa saat berbincang dengan Kantor Berita Politik RMOL, Sabtu (5/1). Pasalnya, kata Uchok, pemaparan visi misi sesungguhnya untuk pendidikan politik bagi rakyat. Dengan mengetahui dan memahami visi misi calon pemimpinnya, rakyat tidak akan seperti membeli kucing dalam karung.  Pemaparan visi misi semestinya dipertontonkan kepada seluruh rakyat Indonesia melalui siaran televisi. “Ini akan memajukan kesadaran politik rakyat dan akan memajukan demokrasi di Indonesia,” ujarnya.  Uchok pun menduga sikap Tim Kampenye Nasional merupakan representasi dari ketakutan Jokowi-Ma’ruf dalam menyampaikan visi dan misi untuk Pilpres 2019. “Kalau ada capres yang takut menyampaikan visi misi lebih baik mundur saja. Tahun 2024 bisa mencalonkan lagi setelah percaya diri atau kibarkan bendera putih,” tegasnya.  __  #jokowi #maarufamin #trisnaindonesia;-1
53;Mohon Doa dan Dukungannya yaaaa... .. SEMOGA SAYA JANGAN TERPILIHH.. DAN AKAN MENYUSAHKAN KALIAN SAJA.. #dildoforindonesia  #nurhadialdo  #pilpres2019 #gantipresiden2019  #2019tetapjokowi  #sandiagauno  #maarufamin  #jokowidodo #prabowo  #hoax  #17april2019  #lfl;0
54;Cawapres nomor urut 01 Ma’ruf Amin menyatakan prihatin dengan penyebaran hoax menjelang Pilpres 2019. Dia mengatakan dirinya tidak akan menggunakan cara-cara menyebar hoaks untuk berkampanye. “Tentu kita sangat menyayangkan, prihatin kenapa masih ada hoaks di dalam rangka suasana kampanye kita untuk pemilihan presiden,” katanya, Sabtu (5/1). Ketua MUI ini meminta agar aparat berwenang menindak tegas para pembuat dan penyebar hoaks. Menurutnya, sudah ada aturan dan undang-undang yang secara jelas mengatur proses hukum dimaksud. “Karena itu, kita minta supaya hoaks itu ditertibkan. Supaya bisa membuat orang jera untuk memproduksi hoaks-hoaks itu,” tegasnya.  Sementara itu, Presiden Joko Widodo atau Jokowi kembali meminta semua pihak untuk menghindari penyebaran hoaks atau berita bohong dan fitnah menjelang Pemilu 2019. “Marilah kita hindari fitnah-fitnah seperti itu. Ini sudah mendekati, tiga bulan lagi sudah masuk ke Pilpres,” kata Jokowi usai acara penyerahan sertifikat tanah kepada warga Blitar di Pendopo Kabupaten Blitar, Jawa Timur, Kamis (3/1). Menurut Kepala Negara, semua pihak harus menjaga ketenangan agar pelaksanaan Pemilu 2019 bisa berjalan aman. “Semuanya harus sejuk dalam menyampaikan hal-hal yang berkaitan dengan politik sehingga tidak menimbulkan pikiran-pikiran jelek dari masyarakat,” kata Jokowi.  Presiden menyatakan hal itu menanggapi adanya hoaks tentang tujuh kontainer surat suara yang telah dicoblos. Namun, setelah dicek langsung oleh KPU dan Bawaslu, kabar itu ternyata bohong. “Ya itulah. Ini kan hoaks. Kartu itu kan belum dicetak, sudah muncul fitnah-fitnah seperti itu,” kata Jokowi.  Menurut dia, kondisi seperti itu bisa menimbulkan pikiran-pikiran negatif, pikiran-pikiran jelek mengenai kecurangan. “Hindari hal-hal yang berkaitan dengan hoaks dan fitnah seperti itu,” tegas Jokowi.  __  #maarufamin #trisnaindonesia;1
55;Repost :@dahnil_anzar_simanjuntak  Mas @prabowo sejak awal ingin beliau langsung yg menyampaikan Visi Misi pada tanggal 9 Januari 2019 nanti, namun sayang tidak bisa disepakati, karena TKN 01 bersikukuh cukup Timses saja yg menyampaikan. - Yang mau jadi presiden itu timses kah? @kpu_ri - Follow kami :@millenial_indonesia - #2019takutdiganti #2019PresidenBaru #2019GantiPresiden #2019saatnyaanakmuda #2019PrabowoSandi #2019prabowopresiden #2019tetapjokowi #prabowo #PrabowoSandi #sandiagauno #jokowi #maarufamin #millennials #millenialsmemilih #02;-1
56;Yuk nonton bareng debat capres di lt 2 Jambo Kupi Kemang 17 januari 2019. Pilihan boleh beda tapi hati tetap 1 indonesia!! . . #jokowi #prabowo #maarufamin #sandiagauno #indonesia;0
57;Sekarang kita bicara fakta yah! - - Follow kami :@millenial_indonesia - - #2019takutdiganti #2019PresidenBaru #2019GantiPresiden #2019saatnyaanakmuda #2019PrabowoSandi #2019prabowopresiden #2019tetapjokowi #prabowo #sandiagauno #PrabowoSandi #jokowi #maarufamin #millennials #millenialsmemilih #02;-1
58;"Mengawali kunjungan kerja di Provinsi Jawa Tengah, Ibu Negara Iriana Joko Widodo meninjau langsung kegiatan tes Inspeksi Visual Asetat (IVA) dan sosialisasi deteksi dini kanker. Kegiatan tersebut dilaksanakan di Puskesmas Karangmalang, Kecamatan Mijen, Kota Semarang pada Jumat, 4 Januari 2019.  Setibanya di lokasi sekira pukul 09.20 WIB, Ibu Iriana langsung berinteraksi dengan ibu-ibu yang hadir. Kedatangan Ibu Negara ini pun disambut hangat para ibu yang sedang mengantre untuk mengikuti tes IVA sambil mendapatkan penyuluhan mengenai deteksi dini kanker. ""Ya semoga nanti hasilnya bagus, sehat-sehat semuanya,"" ujar Ibu Iriana saat berdialog dengan para ibu.  Tes IVA merupakan salah satu cara yang digunakan untuk mendeteksi kanker serviks sejak dini.  Selepas berdialog, Ibu Iriana menuju halaman belakang Puskesmas Karangmalang untuk berinteraksi dengan puluhan siswa SD dan anak-anak panti asuhan. Pada kesempatan ini Ibu Iriana juga menyosialisasikan Gerakan Minum Susu serta menyampaikan tiga pesan bagi anak-anak yamg hadir. ""Ibu mau berpesan. Pertama, jangan lupa berdoa. Yang kedua, jangan lupa belajar. Yang ketiga jangan lupa olahraga,"" ujarnya.  Setelah meninjau dan berinteraksi selama satu jam, Ibu Iriana dan rombongan yang terdiri dari anggota Organisasi Aksi Solidaritas Era Kabinet Kerja (OASE-KK) meninggalkan Puskesmas Karangmalang.  Sumber BPMI • • • • •  #2019ForJokowi #forjokowi #jokowi #jokowidodo #kerjakerjakerja #2019tetapjokowi #indonesia #pemilusehat #aksinyata #kerjanyata #hasilkerjajokowi #jokowipresidenku #2019forjokowidodo #indonesiamaju #jokowiduaperiode #jokowi2periode #01jokowi #01 #maarufamin #indonesiasatu #satuindonesia #indonesia01 #jokowimantap";1
59;Mengingat moment bersejarah aksi damai reuni 212 (2018)  vidio :@fuadbakh - - Follow kami :@millenial_indonesia - - #2019takutdiganti #2019PresidenBaru #2019GantiPresiden #2019saatnyaanakmuda #2019PrabowoSandi #2019tetapjokowi #2019PrabowoPresiden #prabowo #sandiagauno #PrabowoSandi #jokowi #maarufamin #millenials #millenialsmemilih #02 #pemudahijrah #islamicquotes;-1
60;Sebagian besar warga usia produktif di dunia saat ini didominasi oleh generasi millennial yaitu mereka yang memasuki tahap usia dewasa muda berusia 18 hingga 35 tahun pada dekade di atas 2000-an. Bertumbuh di era pergantian abad, didukung kuatnya pemanfaatan teknologi menjadikan anak-anak muda tersebut memiliki visi dan gaya hidup tersendiri. - - Follow kami :@millenial_indonesia - - #2019takutdiganti #2019PresidenBaru #2019GantiPresiden #2019saatnyaanakmuda #2019PrabowoSandi #2019prabowopresiden #2019tetapjokowi #prabowo #PrabowoSandi #sandiagauno #jokowi #maarufamin #millennials #millenialsmemilih #02;-1
61;Mantan Presiden RI sekaligus Tim pemenangan Prabowo-Sandi disinyalir siap menjadi mentor Prabowo-Sandi pada debat Capres-Cawapres 17 Januari 2019 mendatang.  Sumber : Tribunnews  #capres #pas #prabowo #sandiagauno #padi #jokowi #maarufamin #debatcapres;-1
62;Pernyataan Ketua Umum Majelis Ulama Indonesia (MUI) nonaktif, Ma’ruf Amin yang mengaku terpaksa menjadi saksi memberatkan bagi Basuki T. Purnama alias Ahok dalam kasus penodaan agama dinilai merugikan citra dirinya sendiri.  Analis politik sekaligus Direktur Eksekutif Politik Voxpol Center Research and Consulting, Pangi Syarwi Chaniago mempertanyakan sikap Cawapres nomor urut 01 tersebut.  Menurutnya, jika mengaku menyesal, sama saja Kiai Ma’ruf memposisikan Ahok sebagai korban politik. “Sangat disayangkan pengakuan Ma’ruf tersebut, semakin memperkuat bahwa kebenaran Ahok bahwa kasus Al-Maidah dipolitisasi untuk kepentingan politik,” kata Pangi saat berbincang dengan redaksi, Jumat (4/1). Ditekankannya, sikap Kiai Ma’ruf ini justru merusak citranya yang selama ini dianggap sosok yang ikhlas membela umat dan agama. “Hilang sudah reputasi dan citra kiai besar Ma’ruf, bahwa waktu itu beliau tidak murni dan ikhlas, namun banyak kepentingan. Kiai mempermalukan dirinya sendiri bahwa beliau tidak ikhlas dan murni membela kepentingan umat dan agama, tapi lebih banyak kepentingan politiknya. Sehingga harus menyesal,” tutup Pangi.  Sebelumnya, beredar video di media sosial yang memperlihatkan Ma’ruf Amin mengaku menyesal sudah menjadi saksi memberatkan bagi Ahok yang tengah didakwa melanggar pasal penodaan agama di Pengadilan Negeri Jakarta Utara pada tahun 2017 lalu. “Iya tentu saja, cuma karena terpaksa saja kan. Iya tentu saja siapa yang ingin memberatkan orang. Kan enggak mau,” aku Ma’ruf menjawab pertanyaan awak media tentang menyesal atau tidak pernah menjadi saksi memberatkan bagi Ahok.  __  #maarufamin #trisnaindonesia;-1
63;#2019prabowopresiden #2019jokowilagi #jokowi2periode #prabowosandi #sandiagauno #maarufamin #politik #nkrihargamati #newyear #indonesian #2019goals #medan #aceh #jawatengah #jawabarat #lampung #papua #kalimantan #sulawesiselatan #bali #ntt #ntb #hoax #stophoax #lombok #medan #solidaritas #toleransi;1
64;Hahaha ada² saja  #2019prabowopresiden #2019jokowilagi #jokowi2periode #prabowosandi #sandiagauno #maarufamin #politik #nkrihargamati #newyear #indonesian #2019goals #medan #aceh #jawatengah #jawabarat #lampung #papua #kalimantan #sulawesiselatan #bali #ntt #ntb #hoax #stophoax #lombok #medan #pdiperjuangan #gerindra;1
65;Kalau menurut kamu perlu gak sih Capres melakukan tes baca Al-Quran? . . ----- Temukan info menarik lainnya di @matamatadotcom | @dewikudotcom | @hiteknodotcom | @bolatimesdotcom | @guidekudotcom | @himedikdotcom | @mobimotodotcom - Tanpa Suara Beda Artinya ----- . . #suaradotcom #infopenting #otomofi #beritahariini #beritapopuler #infohariini #infojakarta #Jakartainfo #infoterkini #beritaindonesia #beritaupdate #infografis #capres2019 #capres #jokowi #prabowo #sandiaga #maarufamin #pilpres2019 #indonesia #infounik #kpu  #infografis #pemilu  #indozone #news #beritaterbaru #beritapemilu #beritaupdate;0
66;"Mari Maknai Perbedaan Sebagai Sarana Untuk Mempersatukan. KITA SAMA. KITA INDONESIA. . . . ""SELAMAT HARI KONVENSI INTERNASIONAL"" _Penghapusan Segala Bentuk Diskriminasi Rasial_ . . .  #01indonesiamaju #01jokowilagi #01jokowiamin #indonesiamaju #jokowilagi #salamjempol #salamsatujempol #jokowiamin #2019jokowimarufamin #2019jokowiaja #2019jokowilagi #jokowiduaperiode  #2019tetapjokowi #jokowi #maarufamin #konvensiinternasional";1
67;Hahaha  #2019prabowopresiden #2019jokowilagi #jokowi2periode #prabowosandi #sandiagauno #maarufamin #politik #nkrihargamati #newyear #indonesian #2019goals #medan #aceh #jawatengah #jawabarat #lampung #papua #kalimantan #sulawesiselatan #bali #ntt #ntb #hoax #stophoax #lombok #medan;1
68;BUKAN HOAX  #2019prabowopresiden #2019jokowilagi #jokowi2periode #prabowosandi #sandiagauno #maarufamin #politik #nkrihargamati #newyear #indonesian #2019goals #medan #aceh #jawatengah #jawabarat #lampung #papua #kalimantan #sulawesiselatan #bali #ntt #ntb #hoax #stophoax #lombok #medan;1
69;Tidak sengaja terhapus guys. Tidak sengaja  #2019prabowopresiden #2019jokowilagi #jokowi2periode #prabowosandi #sandiagauno #maarufamin #politik #nkrihargamati #newyear #indonesian #2019goals #medan #aceh #jawatengah #jawabarat #lampung #papua #kalimantan #sulawesiselatan #bali #ntt #ntb;1
70;Setelah mencuatkan hoax, lalu minta perlindungan.  Setuju  #2019prabowopresiden #2019jokowilagi #jokowi2periode #prabowosandi #sandiagauno #maarufamin #politik #nkrihargamati #newyear #indonesian #2019goals #medan #aceh #jawatengah #jawabarat #lampung #papua #kalimantan #sulawesiselatan #bali #ntt #ntb #hoax #stophoax #lombok #medan;0
71;Harus segera di usut penyebar Hoax yg bikin rusuh.. Bisanya cuman bikin kisruh ...!!! @divisihumaspolri . . #koalisiprabowo #koalisisontoloyo #prabowo #prabowosandi #indonesia #hoax #stophoax #Jokowi #maarufamin #pdip #gerindra #polriindonesia #polripromoter #beritabaru #beritaviral #demokrezi;0
72;Setuju  #2019prabowopresiden #2019jokowilagi #jokowi2periode #prabowosandi #sandiagauno #maarufamin #politik #nkrihargamati #newyear #indonesian #2019goals #medan #aceh #jawatengah #jawabarat #lampung #papua #kalimantan #sulawesiselatan #bali #ntt #ntb #;1
73;Slmt tahun baru 2019 @jokowi  Semoga di tahun ini tidak ada musibah dan bencana di RI.. @jokowi smga thn ajaran baru 2019 nanti untuk SD SMP trdpt kurikulum PMP(pendidikan moral pancasila) PENJASKES(jasmani kesenian) semoga kurikulum ini bermanfaat bg anak dan cucu bangsa..<U+0001F91F> #jokowi #jusufkalla #mendikbud #maarufamin  #ahok #hermanderu #prabowo #indonesia #palembang;1
74;With kiyai @maarufamin2019 sehat selalu pak kiyai..terus semangat untuk indonesia.. Thxs @lapakkiyaimaruf n pak @hadi_syamsul_hadi udah mengizinkan  #jokowi2019 #jokowiamin #jokowiamin2019 #maarufamin #indonesia #nkri;1
75;Follow kami :@millenial_indonesia - - #2019takutdiganti #2019PresidenBaru #2019GantiPresiden #2019saatnyaanakmuda #2019PrabowoSandi #2019prabowopresiden #2019tetapjokowi #prabowo #sandiagauno #prabowosandi #jokowi #maarufamin #millennials #millenialsmemilih #02;-1
76;Samina wa atona. <U+0001F60A>  #santrinusantara  #nahdlatululama  #maarufamin  #jokowi;0
77;Follow kami :@millenial_indonesia - Generasi millennial yang tumbuh bersama teknologi di sekitarnya seperti Internet dan gawai canggih, mengaku lebih asyik dengan 'dunianya' sendiri ketimbang berinteraksi dengan lingkungan sekitar. - Kaum millennial bisa dibilang sudah terbiasa hidup serba online, karena Internet dan gawai pintar siap menjadi 'teman setia' mereka untuk membantu aktivitas sehari-hari. - Sebuah riset Trends in Consumer Mobility Report dari Bank of America melibatkan sekitar 25 persen dari 1.004 warga Amerika Serikat yang termasuk kaum millennial untuk menjawab sejumlah pertanyaan terkait penggunaan ponsel pintar. Riset tersebut dilakukan antara 29 Maret dan 12 April lalu. - Di dalamnya memaparkan bahwa sebanyak 40 persen responden menggunakan ponsel pintar mereka untuk menghindari percakapan dengan orang-orang di sekitar saat sedang berlibur. - Kemudian 66 persen responden menyatakan bergantung sepenuhnya dengan perangkat mobile mereka untuk menentukan arah atau navigasi. - Lalu ada sebanyak 53 persen responden mengatakan mereka lebih mempercayai perangkat mobile untuk navigasi ketimbang kekasih mereka sendiri. - Sebelumnya ada laporan Norton Cybersecurity Insight Report dari Norton by Symantec, yang memaparkan bahwa generasi milenial harus sering berhati-hati terhadap aktivitas di dunia siber. Survei tersebut telah dilakukan secara online melibatkan 1.000 orang Indonesia dengan usia 18 tahun ke atas. - Terungkap 47 persen orang yang mengaku telah berbagi password dan melakukan aktivitas online lainnya yang berisiko. - Berbeda dengan generasi baby boomersatau kelompok yang kurang sadar teknologi, justru melakukan aktivitas online yang lebih aman dibandingkan dengan generasi millennial. - #2019takutdiganti #2019PresidenBaru #2019GantiPresiden #2019saatnyaanakmuda #2019PrabowoSandi #2019prabowopresiden #2019tetapjokowi #prabowo #sandiagauno #PrabowoSandi #jokowi #maarufamin #millennials #millenialsmemilih #02;-1
78;Dalam kunjungan kerja ke Kabupaten Lampung Selatan, Presiden Joko Widodo menjenguk pasien terdampak tsunami Selat Sunda yang sedang dirawat di RSUD dr. H. Bob Bazar, yang berada di Kecamatan Kalianda, Kabupaten Lampung Selatan.  Tiba pukul 12.45 WIB, Presiden menuju ruang rawat pasien korban tsunami. Di antaranya, Presiden bertemu Sarnama, seorang ibu yang tengah dirawat bersama putranya, Yudi 6 tahun.  Sarnama menceritakan kepada Presiden, Yudi saat terjadi tsunami terjadi sekira pukul 22.00 WIB, hilang dan baru ditemukan esok harinya sekira pukul 08.00 WIB. “Yudi ditemukan saat berpegangan pada kayu, dua saudaranya meninggal dunia. Ade Purnama 17 tahun dan Khalifah 1 tahun,” ucap Sarnama. (Foto: Laily Rachev - Biro Pers Sekretariat Presiden) . . Source @jokowipedia • • • • •  #2019ForJokowi #forjokowi #jokowi #jokowidodo #kerjakerjakerja #2019tetapjokowi #indonesia #pemilusehat #aksinyata #kerjanyata #hasilkerjajokowi #jokowipresidenku #2019forjokowidodo #indonesiamaju #jokowiduaperiode #jokowi2periode #01jokowi #01 #maarufamin #indonesiasatu #satuindonesia #indonesia01 #jokowimantap;1
79;Follow kami :@millenial_indonesia - - #2019takutdiganti #2019PresidenBaru #2019GantiPresiden #2019saatnyaanakmuda #2019PrabowoSandi #2019prabowopresiden #2019tetapjokowi #prabowo #sandiagauno #PrabowoSandi #jokowi #maarufamin #millennials #millenialsmemilih #02;-1
80;Follow kami :@millenial_indonesia - - #2019takutdiganti #2019PresidenBaru #2019GantiPresiden #2019saatnyaanakmuda #2019PrabowoSandi #2019prabowopresiden #2019tetapjokowi #prabowo #sandiagauno #PrabowoSandi #jokowi #maarufamin #millennials #millenialsmemilih #02;-1
81;Setuju  #2019prabowopresiden #2019jokowilagi #jokowi2periode #prabowosandi #sandiagauno #maarufamin #politik #nkrihargamati #newyear #indonesian #2019goals #medan #aceh #jawatengah #jawabarat #lampung #papua #kalimantan #sulawesiselatan #bali #ntt #ntb #;1
82;Produktif banget Klu semua di tulis, takut gak kebaca, soalnya ntar tulisannya makin kecil biar muat.  #2019prabowopresiden #2019jokowilagi #jokowi2periode #prabowosandi #sandiagauno #maarufamin #politik #nkrihargamati #newyear #indonesian #2019goals #medan #aceh #jawatengah #jawabarat #lampung #papua #kalimantan #sulawesiselatan #bali #ntt #ntb #;1
83;Follow kami :@millenial_indonesia - - #2019takutdiganti #2019PresidenBaru #2019GantiPresiden #2019saatnyaanakmuda #2019PrabowoSandi #2019prabowopresiden #2019prabowosandi #2019tetapjokowi #prabowo #sandiagauno #PrabowoSandi #jokowi #maarufamin #millenialsmemilih #02;-1
84;Tanggapan? <U+0001F914>  #pemilu2019 #jokowi #prabowo #maarufamin #sandiagauno #pemiludamai;0
85;Selamat tahun baru 2019..... . .   #2019ForJokowi #forjokowi #jokowi #jokowidodo #kerjakerjakerja #2019tetapjokowi #indonesia #pemilusehat #aksinyata #kerjanyata #hasilkerjajokowi #jokowipresidenku #2019forjokowidodo #indonesiamaju #jokowiduaperiode #jokowi2periode #01jokowi #01 #maarufamin #indonesiasatu #satuindonesia #indonesia01 #jokowimantap;1
86;Bismillah <U+0001F64F> - - Follow kami :@millenial_indonesia - - #2019takutdiganti #2019PresidenBaru #2019GantiPresiden #2019saatnyaanakmuda #2019PrabowoSandi #2019prabowopresiden #2019tetapjokowi #prabowo #sandiagauno #PrabowoSandi #jokowi #maarufamin #millennials #millenialsmemilih #02;-1
87;"MANANIH CAPRES PILIHAN IJTIMA ULAMA ULAMAAN.. MASAK DITANTANG TES BACA QUR’AN PANIK AHAHAHHA . Islampers.com - Jakarta Partai Gerindra menolak undangan tes baca Alquran untuk para capres-cawapres dari Dewan Ikatan Dai Aceh. Menurut Gerindra, hal semacam itu tak substansial dalam menentukan kualitas seorang capres. ""Memahami Alquran dan kitab-kitab suci lain sangat penting sebagai syarat seorang capres. Kemampuan membaca Alquran bukan syarat, tapi sebagai advantage saja, sehingga tes baca-tulis tidak perlu dilakukan,"" ujar Sodik. #jokowi #2019tetapjokowi #jokowipresidenku #jokowi2periode #presidenjokowi #maarufamin #gerindra #prabowosandi #bersyukur";1
88;Rumah Pak @prabowo di Amman Yordania... Awas Bong jgn di tonton, ntar kelojotan kejang2 lu<U+0001F602><U+0001F602><U+0001F606> .. Btw pengen liat juga dong rumah Jaenudin ngaciro yg di Negara Komunis Atau China .. Pak Prabowo saudara angkat dari King Abdullah... Raja Yordania <U+0001F60D> tapi humble sekali ya ngga pernah pamer sana-sini ma Syaa' Allah .. @Jokowi saudara angkatnya dari mana ya apakah Khayalan Kerajaan cebong 200 sekolam<U+0001F606> #dungu .. @kaneki.kun2nd .. #2019GantiPresiden #tahunbarupresidenbaru #prabowo #sandiagauno #jokowi #maarufamin #panglimaJM #StopKriminalisasiUlama;-1
89;"MEDAN PECAAAAAAH.... Presiden Jokowi menghadiri perayaan Natal Nasional 2018 di Gedung Sebaguna Prov. Sumatera Utara Medan.  Sekitar 1 jam menunggu setelah ibadah Natal berakhir, akhirnya ribuan peserta perayaan Natal Nasional 2018 dapat melihat langsung Presiden Jokowi. Saat tiba di Gedung Serbaguna Pemprov Sumut, lokasi acara di Jalan Pancing, Medan, sekitar pukul 19.15 WIB, mantan Gubernur DKI Jakarta itu dielu-elukan para jemaat. ""Jokowi..Jokowi..Jokowi,"" teriak jemaat.  Eluan jemaat Natal ini pun disambut lambaian tangan dari Presiden Jokowi. Sembari berjalan ke arah podium, Kepala Negara juga menyempatkan diri untuk menyalami para warga yang berada di sekitarnya.  Amatan wartawan, dalam rombongan Presiden turut hadir ibu Negara Iriana Joko Widodo. Tampak pula Menteri Agama Lukman Hakim Saifuddin, Menteri Perdagangan Enggartiasto Lukita, Menko Polhukam Luhut Binsar Panjaitan, dan Menkumham Yasonna H Laoly.  Selain Presiden, ribuan jemaat ini sebelumnya juga menyambut Kapolri Jenderal Pol Tito Karnavian dan Panglima TNI Marsekal Hadi Tjahjanto yang terlebih dulu hadir dengan teriakan kegembiraan dan tepuk tangan membahana . . • • • • •  #2019ForJokowi #forjokowi #jokowi #jokowidodo #kerjakerjakerja #2019tetapjokowi #indonesia #pemilusehat #aksinyata #kerjanyata #hasilkerjajokowi #jokowipresidenku #2019forjokowidodo #indonesiamaju #jokowiduaperiode #jokowi2periode #01jokowi #01 #maarufamin #indonesiasatu #satuindonesia #indonesia01 #jokowimantap";1
90;"Presiden Jokowi Silaturahmi dan Diskusi Kebangsaan dengan Syekh Hasyim di Langkat  Mengawali kunjungan kerjanya ke Provinsi Sumatra Utara pada Sabtu, 29 Desember 2018, Presiden Joko Widodo bersilaturahmi ke kediaman Syekh Haji Hasyim Al-Syarwani Tuan Guru Babussalam di Kabupaten Langkat. Dalam kunjungannya ini, Presiden tampak memakai jas warna biru, bersarung, lengkap dengan sorban dan peci.  Kedatangan Kepala Negara di lokasi sekira pukul 14.40 WIB langsung disambut meriah warga sekitar. Presiden pun menyapa dan bersalaman dengan mereka.  Presiden menuturkan bahwa dirinya telah mengenal lama Syekh Hasyim dan kunjungannya ini merupakan kunjungan balasan. ""Karena beliau dulu saat saya masih di Solo, beliau datang, beliau rawuh di Solo. Saya membalas kedatangan beliau yang jauh dari Babussalam ke Solo,"" ujar Presiden kepada awak media yang hadir seusai pertemuan.  Dalam pertemuan yang berlangsung selama hampir satu jam tersebut, Presiden mengatakan bahwa ia berdiskusi soal kebangsaan. ""Secara umum beliau menyampaikan agar negara sebesar Indonesia ini dikelola dengan kerja keras yang baik dan amanah rakyat jangan disia-siakan. Itu intinya,"" katanya.  Di awal pertemuan, Syekh Hasyim mengalungkan sorban kehormatan berwarna putih kepada Presiden.  Pada kesempatan ini Presiden yang didampingi Menteri Sekretaris Negara Pratikno, Staf Khusus Presiden Ari Dwipayana dan Gubernur Sumatra Utara Edy Rahmayadi santap siang bersama para ulama dan sesepuh yang hadir.  Sumber: Biro Pers Istana  Mari sukseskan Jokowi 2 periode <U+270C> • • • • •  #2019ForJokowi #forjokowi #jokowi #jokowidodo #kerjakerjakerja #2019tetapjokowi #indonesia #pemilusehat #aksinyata #kerjanyata #hasilkerjajokowi #jokowipresidenku #2019forjokowidodo #indonesiamaju #jokowiduaperiode #jokowi2periode #01jokowi #01 #maarufamin #indonesiasatu #satuindonesia #indonesia01 #jokowimantap #jokowi #jokowidodo #jokowi2periode #jokowiduaperiode #salam2periode #presidenjokowi #jokowipresidenku #tetapjokowi #2019tetapjokowi #jokowisekalilagi #presiden #indonesia";1
91;Ini alasan saya mendukung pak @prabowo dan bang @sandiuno.. Belum tentu kedua tokoh ini yang terbaik tapi saya ngambil yang mudharat nya yang sedikit<U+0001F446>#2019gantipresiden #ijtimaulama2 #tahunbarupresidenbaru #ikutikomandoulama #2019prabowosandi #prabowo #sandiagauno #jokowi #maarufamin #prabowosandi;-1
92;Mari kita sana sama besyukur kepada Allah SWT,untuk Seluruh keluarga besar #pdipmen3ng2019 utk poling partai politk pendukung #hokowi #maarufamin #pdip 61 % Nasdem 12% Hanura 9,1% poling pilpres ini masih berlanjut sampqi tgl 03 januari 2019 #pdipmen3ng2019 #nasdem #hanurabangkit #01men3ng;1
93;SIAPAPUN PRESIDENNYO KITO URANG MINANG TATEK BADUNSANAK JAAN BAPACAH DEK ULAH PIPLRES  MASIH BANYAK HAL NAN PENTING NAN HARUS KITO PABUEK UNTUAK RANAH MINANG TACINTO  MARI KITO BASATU UNTUK KEMAJUAN RANAH MINANG  #2019tatekbadunsanak #2019tetapbadunsanak #prabowo #sandiagauno #jokowi #maarufamin #mudaadilmakmur;0
94;Tonton sampai habis, Biar gak makan infrastruktur, tapi dengan infrastruktur kita bisa makan karena distribusi makanan dan barang bs dicapai bahkan ke pelosok. Orang kota mah bebas nyinyir<U+0001F602><U+0001F602> Tapi liat dipelosok2 masih banyak desa desa yang sangat sulit diakses . . ----------------SumutPilihJOKOWI--------------- . #sumutpilihjokowi #SumateraPilihJokowi #MedanPolitik #Jokowilagi #2019tetapjokowi #videoviral #60detikindonesiaku  #60detiknews  #videohits #videolucu #adiannapitupulu #kompastv #maarufamin  #ahoklovers;1
95;Presiden Joko Widodo secara resmi menutup transaksi perdagangan saham tahun 2018 di Bursa Efek Indonesia. Presiden memuji kinerja BEI selama setahun ini dan berdasarkan informasi yang ia terima kinerja IHSG saat ini merupakan yang terbaik kedua di dunia. . .   #2019ForJokowi #forjokowi #jokowi #jokowidodo #kerjakerjakerja #2019tetapjokowi #indonesia #pemilusehat #aksinyata #kerjanyata #hasilkerjajokowi #jokowipresidenku #2019forjokowidodo #indonesiamaju #jokowiduaperiode #jokowi2periode #01jokowi #01 #maarufamin #indonesiasatu #satuindonesia #indonesia01 #jokowimantap;1
96;Calon presiden petahana Joko Widodo (Jokowi) buka suara pasca calon wakilnya, Ma’ruf Amin ‘diserang’ isu hoaks yang viral di media sosial. Ma’ruf, dalam video yang beredar tersebut, mengucapkan selamat Natal dan Tahun Baru kepada umat Kristiani. Menurut Jokowi, jauh lebih kreatif jika gambar atau video yang beredar di dunia maya adalah konten yang mampu menghadirkan kebahagiaan bagi orang lain. Atas kasus ini, Ma’ruf Amin juga menyerahkan sepenuhnya kepada pihak berwajib. Sejauh ini dirinya belum mengetahui secara pasti siapa yang terlibat dalam pembuatan video tersebut. Untuk diketahui, pelaku yang menyebarkan video hoaks Ma’ruf Amin ucapkan selamat natal ditangkap tim gabungan Satuan Reskrim Polres Lhokseumawe. Pelaku pemilik akun youtube, ‘Ds Yutube’ membuat sebuah video dengan caption ” MAKRUF AMIN RESMI MENJUAL IMAN DEMI JABATAN”. #hoaks  #maarufamin  #01jokowiamin  #jokowimaarufamin2019  #01jokowilagi  #01indonesiamaju;1
97;Rekam Jejak? Bukti kongkrit? Keluarga  besarnya Jokowi Jawa tulen, Indonesia asliiii, Islam banget karena sudah banyak yg berkerudung. (catat : ini foto jauh sebelum  jadi walikota, gak ada istilah pencitraan di jaman itu) *#01JokowiLagi*<U+0001F44D> . .   #2019ForJokowi #forjokowi #jokowi #jokowidodo #kerjakerjakerja #2019tetapjokowi #indonesia #pemilusehat #aksinyata #kerjanyata #hasilkerjajokowi #jokowipresidenku #2019forjokowidodo #indonesiamaju #jokowiduaperiode #jokowi2periode #01jokowi #01 #maarufamin #indonesiasatu #satuindonesia #indonesia01 #jokowimantap;1
98;"Generasi milenial yang tumbuh pesat bahkan mengungguli generasi sebelumnya, membuat milenial sering kali dijuluki generasi yang instan. Namun, Yoris tak setuju jika generasi milenial disebut generasi instan. - Menurut Yoris, generasi ini lebih cocok disebut generasi yang cepat. Kehadiran teknologi yang memudahkan penyebaran informasi dan mobilitas membantu generasi milenial mencapai sesuatu lebih cepat dibandingkan generasi sebelumnya yang serba analog. - ""Hampir semua bilang ini generasi instan. Tapi, yang saya lihat sebenarnya ini generasi cepat, bukan berarti tidak berproses,"" ucap Yoris yang merupakan pengusaha di industri kreatif. - Follow kami :@millenial_indonesia - #2019takutdiganti #2019PresidenBaru #2019GantiPresiden #2019PrabowoSandi #2019prabowopresiden #2019tetapjokowi #prabowo #sandiagauno #PrabowoSandi #jokowi #maarufamin #millennials #millenialsmemilih #02";-1
99;Dimata orang bener pasti bilang pak Jokowi itu hebat. . Tapi kalau dikubu oposisi sebener-benernya pak Jokowi pasti ttep aja salah. Hnmmm . .   #2019ForJokowi #forjokowi #jokowi #jokowidodo #kerjakerjakerja #2019tetapjokowi #indonesia #pemilusehat #aksinyata #kerjanyata #hasilkerjajokowi #jokowipresidenku #2019forjokowidodo #indonesiamaju #jokowiduaperiode #jokowi2periode #01jokowi #01 #maarufamin #indonesiasatu #satuindonesia #indonesia01 #jokowimantap;1
100;Repost : @dahnil_anzar_simanjuntak - - Follow kami : @millenial_indonesia - - #2019takutdiganti #2019PresidenBaru #2019GantiPresiden #2019PrabowoSandi #2019prabowopresiden #2019tetapjokowi #prabowo #sandiagauno #PrabowoSandi #jokowi #maarufamin #millennials #millenialsmemilih #02;-1
101;Pak Jokowi dan KH. Ma'ruf Amin berbincang2 santai usai makan bersama. Mereka terlihat bgitu akrab dan serasi. Sesekali tertawa bersama sesekali juga mereka terlihat ngobrol serius. Pasangan yang cocok untuk mengurus negeri ini. Amin ya Allah. . . Source @jokowi_ahok2129   #2019ForJokowi #forjokowi #jokowi #jokowidodo #kerjakerjakerja #2019tetapjokowi #indonesia #pemilusehat #aksinyata #kerjanyata #hasilkerjajokowi #jokowipresidenku #2019forjokowidodo #indonesiamaju #jokowiduaperiode #jokowi2periode #01jokowi #01 #maarufamin #indonesiasatu #satuindonesia #indonesia01 #jokowimantap #marufamin #jokowimarufamin #jokowi2periode #marufamin #marufamin2019 #kiyaimarufamin #projo #pilpres2019 #pilpresdamai #jokowimarufamin;1
102;Jangan lupa saksikan. #debat #capres #jokowi #prabowo #maarufamin #sandiagauno #pemilu #indonesia;0
103;Terimakasih pak jokowi kini Jakarta sampai Surabaya telah tersambung dengan jalan Tol Trans Jawa. . <U+2764><U+FE0F> . .   #2019ForJokowi #forjokowi #jokowi #jokowidodo #kerjakerjakerja #2019tetapjokowi #indonesia #pemilusehat #aksinyata #kerjanyata #hasilkerjajokowi #jokowipresidenku #2019forjokowidodo #indonesiamaju #jokowiduaperiode #jokowi2periode #01jokowi #01 #maarufamin #indonesiasatu #satuindonesia #indonesia01 #jokowimantap;1
104;Bang @sandiuno Sosok wakil presiden yang dibutuhkan rakyat. - - Follow kami :@millenial_indonesia - - #2019takutdiganti #2019PresidenBaru #2019GantiPresiden #2019PrabowoSandi #2019prabowopresiden #2019tetapjokowi #prabowo #sandiagauno #prabowosandi #jokowi #maarufamin #millennials #millenialsmemilih #02;-1
105;Presiden Jokowi sejak awal menginginkan pariwisata menjadi penghasil devisa terbesar, kini pariwisata sudah menjadi penyumbang devisa nasional nomor empat terbesar setelah industri kelapa sawit (CPO), migas, dan batu bara. . . Source @jokowi.marufaminofficial • • • • •  #2019ForJokowi #forjokowi #jokowi #jokowidodo #kerjakerjakerja #2019tetapjokowi #indonesia #pemilusehat #aksinyata #kerjanyata #hasilkerjajokowi #jokowipresidenku #2019forjokowidodo #indonesiamaju #jokowiduaperiode #jokowi2periode #01jokowi #01 #maarufamin #indonesiasatu #satuindonesia #indonesia01 #jokowimantap #4TahunJokowi #2019JokowiKyaiMaruf #2019TetapJokowi #TetapJokowi #Jokowi2Periode #IndonesiaMaju #Jokowi #MarufAmin #pilpres #pilpres2019 #4TahunJokowiJK;1
106;Ayooo semangat!!! #like4likes #likeforfollow #likeforlikeback #love #president #politic #indonesia #amin #maarufamin #pray #spirit #light #great;0
